{"test_loss": 0.07608003365511046, "test_acc": 0.9763, "_timestamp": 1696613202.117902, "_runtime": 155.8917989730835, "_step": 19, "_wandb": {"runtime": 157}}