{"test_loss": 0.06675141866461085, "test_acc": 0.9791, "_timestamp": 1696612688.367402, "_runtime": 139.30147910118103, "_step": 19, "_wandb": {"runtime": 142}}