{"test_loss": 0.06814623950349098, "test_acc": 0.9797000000000001, "_timestamp": 1696661680.474754, "_runtime": 119.32690906524658, "_step": 19, "_wandb": {"runtime": 120}}