{"test_loss": 0.06688659438732827, "test_acc": 0.9804, "_timestamp": 1696660999.984013, "_runtime": 143.547443151474, "_step": 19, "_wandb": {"runtime": 146}}